nobs,month,year,prec
1,1,1917,149.789993286133
2,2,1917,11.619999885559098
3,3,1917,196.800003051758
4,4,1917,12.4499998092651
5,5,1917,4.32000017166138
6,6,1917,1.62999999523163
7,7,1917,4.75
8,8,1917,1.64999997615814
9,9,1917,6.139999866485598
10,10,1917,14.039999961853
11,11,1917,5.880000114440921
12,12,1917,15.5799999237061
13,1,1918,37.8499984741211
14,2,1918,155.75
15,3,1918,4.099999904632569
16,4,1918,8.340000152587889
17,5,1918,3.8499999046325697
18,6,1918,9.85999965667725
19,7,1918,4.6100001335144
20,8,1918,6.880000114440921
21,9,1918,0.6700000166893011
22,10,1918,0.44999998807907104
23,11,1918,2.8499999046325697
24,12,1918,19.7800006866455
25,1,1919,12.6800003051758
26,2,1919,23.280000686645497
27,3,1919,3.13000011444092
28,4,1919,11.0699996948242
29,5,1919,6.699999809265139
30,6,1919,9.75
31,7,1919,2.4500000476837203
32,8,1919,30.030000686645497
33,9,1919,5.1100001335144
34,10,1919,2.29999995231628
35,11,1919,30.719999313354503
36,12,1919,37.81999969482421
37,1,1920,6.92999982833862
38,2,1920,17.5599994659424
39,3,1920,25.3600006103516
40,4,1920,69.26999664306639
41,5,1920,0.9200000166893008
42,6,1920,24.5799999237061
43,7,1920,5.949999809265139
44,8,1920,8.71000003814697
45,9,1920,20.1399993896484
46,10,1920,0.4699999988079071
47,11,1920,17.5799999237061
48,12,1920,13.2600002288818
49,1,1921,3.55999994277954
50,2,1921,39.689998626709
51,3,1921,17.2099990844727
52,4,1921,5.42000007629395
53,5,1921,84.0
54,6,1921,9.5600004196167
55,7,1921,4.21000003814697
56,8,1921,27.75
57,9,1921,0.7400000095367428
58,10,1921,6.119999885559079
59,11,1921,5.0500001907348615
60,12,1921,14.369999885559098
61,1,1922,5.23999977111816
62,2,1922,19.7600002288818
63,3,1922,51.8400001525879
64,4,1922,11.520000457763699
65,5,1922,41.4000015258789
66,6,1922,9.94999980926514
67,7,1922,2.2100000381469704
68,8,1922,4.730000019073491
69,9,1922,1.28999996185303
70,10,1922,1.25999999046326
71,11,1922,0.939999997615814
72,12,1922,18.6700000762939
73,1,1923,88.8899993896484
74,2,1923,38.0
75,3,1923,20.6200008392334
76,4,1923,56.7700004577637
77,5,1923,10.75
78,6,1923,27.489999771118196
79,7,1923,14.229999542236301
80,8,1923,0.9499999880790708
81,9,1923,0.509999990463257
82,10,1923,0.44999998807907104
83,11,1923,1.80999994277954
84,12,1923,19.3600006103516
85,1,1924,8.23999977111816
86,2,1924,8.25
87,3,1924,3.8199999332428
88,4,1924,4.17000007629395
89,5,1924,6.099999904632571
90,6,1924,7.92999982833862
91,7,1924,5.57000017166138
92,8,1924,0.870000004768372
93,9,1924,5.55999994277954
94,10,1924,0.5299999713897711
95,11,1924,8.560000419616701
96,12,1924,5.46000003814697
97,1,1925,107.08000183105499
98,2,1925,113.099998474121
99,3,1925,42.430000305175795
100,4,1925,4.19999980926514
101,5,1925,14.729999542236301
102,6,1925,2.6500000953674303
103,7,1925,1.67999994754791
104,8,1925,2.25
105,9,1925,2.35999989509583
106,10,1925,0.9499999880790708
107,11,1925,3.22000002861023
108,12,1925,52.4799995422363
109,1,1926,22.350000381469695
110,2,1926,47.58000183105471
111,3,1926,45.7700004577637
112,4,1926,3.52999997138977
113,5,1926,20.479999542236303
114,6,1926,3.29999995231628
115,7,1926,6.78000020980835
116,8,1926,1.10000002384186
117,9,1926,0.610000014305115
118,10,1926,0.680000007152557
119,11,1926,32.9099998474121
120,12,1926,24.9200000762939
121,1,1927,32.6500015258789
122,2,1927,54.5
123,3,1927,72.2900009155273
124,4,1927,2.88000011444092
125,5,1927,2.2699999809265097
126,6,1927,75.0999984741211
127,7,1927,34.1100006103516
128,8,1927,2.6500000953674303
129,9,1927,4.90999984741211
130,10,1927,1.12000000476837
131,11,1927,3.55999994277954
132,12,1927,24.3899993896484
133,1,1928,50.4300003051758
134,2,1928,43.2299995422363
135,3,1928,3.7699999809265097
136,4,1928,5.389999866485598
137,5,1928,11.5699996948242
138,6,1928,20.6800003051758
139,7,1928,6.53999996185303
140,8,1928,4.28999996185303
141,9,1928,0.6200000047683721
142,10,1928,0.839999973773956
143,11,1928,6.90999984741211
144,12,1928,30.5499992370605
145,1,1929,11.5900001525879
146,2,1929,64.3300018310547
147,3,1929,81.0
148,4,1929,2.89000010490417
149,5,1929,65.7900009155273
150,6,1929,4.01000022888184
151,7,1929,1.71000003814697
152,8,1929,19.9500007629395
153,9,1929,0.8600000143051151
154,10,1929,0.790000021457672
155,11,1929,1.05999994277954
156,12,1929,6.17999982833862
157,1,1930,5.44000005722046
158,2,1930,27.309999465942397
159,3,1930,55.7599983215332
160,4,1930,39.56999969482421
161,5,1930,24.219999313354503
162,6,1930,7.40999984741211
163,7,1930,4.30999994277954
164,8,1930,16.5699996948242
165,9,1930,1.11000001430511
166,10,1930,20.6800003051758
167,11,1930,1.73000001907349
168,12,1930,89.4599990844727
169,1,1931,39.060001373291
170,2,1931,45.619998931884794
171,3,1931,112.110000610352
172,4,1931,50.720001220703104
173,5,1931,97.23999786376949
174,6,1931,68.2399978637695
175,7,1931,11.1000003814697
176,8,1931,5.34000015258789
177,9,1931,1.4700000286102302
178,10,1931,48.9500007629395
179,11,1931,5.860000133514402
180,12,1931,6.449999809265139
181,1,1932,40.439998626709
182,2,1932,6.71000003814697
183,3,1932,11.3299999237061
184,4,1932,17.7600002288818
185,5,1932,9.47000026702881
186,6,1932,3.69000005722046
187,7,1932,3.86999988555908
188,8,1932,11.0
189,9,1932,0.639999985694885
190,10,1932,1.95000004768372
191,11,1932,1.24000000953674
192,12,1932,74.4100036621094
193,1,1933,12.229999542236301
194,2,1933,17.659999847412102
195,3,1933,101.139999389648
196,4,1933,26.2099990844727
197,5,1933,25.2900009155273
198,6,1933,3.69000005722046
199,7,1933,26.030000686645497
200,8,1933,20.3099994659424
201,9,1933,2.24000000953674
202,10,1933,0.8500000238418579
203,11,1933,1.62000000476837
204,12,1933,31.1100006103516
205,1,1934,60.7400016784668
206,2,1934,38.040000915527294
207,3,1934,185.139999389648
208,4,1934,74.120002746582
209,5,1934,1.5099999904632602
210,6,1934,7.96000003814697
211,7,1934,2.01999998092651
212,8,1934,1.62999999523163
213,9,1934,1.08000004291534
214,10,1934,0.910000026226044
215,11,1934,12.130000114440902
216,12,1934,7.099999904632571
217,1,1935,29.969999313354503
218,2,1935,50.029998779296896
219,3,1935,29.5699996948242
220,4,1935,6.599999904632571
221,5,1935,0.389999985694885
222,6,1935,2.09999990463257
223,7,1935,4.98999977111816
224,8,1935,3.5
225,9,1935,0.6200000047683721
226,10,1935,0.959999978542328
227,11,1935,11.0100002288818
228,12,1935,9.46000003814697
229,1,1936,49.1399993896484
230,2,1936,17.7099990844727
231,3,1936,5.21999979019165
232,4,1936,2.97000002861023
233,5,1936,0.610000014305115
234,6,1936,2.55999994277954
235,7,1936,1.64999997615814
236,8,1936,3.0
237,9,1936,0.720000028610229
238,10,1936,1.03999996185303
239,11,1936,4.13000011444092
240,12,1936,30.0
241,1,1937,61.5999984741211
242,2,1937,42.3300018310547
243,3,1937,18.0
244,4,1937,48.220001220703104
245,5,1937,16.229999542236303
246,6,1937,4.46999979019165
247,7,1937,1.5
248,8,1937,1.7400000095367398
249,9,1937,2.50999999046326
250,10,1937,3.4400000572204603
251,11,1937,15.2600002288818
252,12,1937,9.34000015258789
253,1,1938,56.33000183105471
254,2,1938,40.3300018310547
255,3,1938,26.2900009155273
256,4,1938,3.13000011444092
257,5,1938,10.9899997711182
258,6,1938,19.5499992370605
259,7,1938,5.869999885559079
260,8,1938,0.9499999880790708
261,9,1938,0.5
262,10,1938,0.639999985694885
263,11,1938,6.51999998092651
264,12,1938,27.9099998474121
265,1,1939,87.4000015258789
266,2,1939,18.840000152587894
267,3,1939,21.969999313354503
268,4,1939,20.7600002288818
269,5,1939,2.10999989509583
270,6,1939,34.1100006103516
271,7,1939,3.0
272,8,1939,2.52999997138977
273,9,1939,0.419999986886978
274,10,1939,2.16000008583069
275,11,1939,13.4899997711182
276,12,1939,25.1200008392334
277,1,1940,77.1699981689453
278,2,1940,4.099999904632569
279,3,1940,5.269999980926509
280,4,1940,2.89000010490417
281,5,1940,1.46000003814697
282,6,1940,1.67999994754791
283,7,1940,4.94000005722046
284,8,1940,9.0
285,9,1940,1.9099999666214
286,10,1940,1.04999995231628
287,11,1940,16.1000003814697
288,12,1940,16.3500003814697
289,1,1941,3.25999999046326
290,2,1941,28.8299999237061
291,3,1941,16.7199993133545
292,4,1941,8.439999580383299
293,5,1941,25.2900009155273
294,6,1941,2.80999994277954
295,7,1941,40.189998626709
296,8,1941,14.1700000762939
297,9,1941,1.1599999666214
298,10,1941,3.5699999332428
299,11,1941,18.340000152587894
300,12,1941,62.8899993896484
301,1,1942,205.899993896484
302,2,1942,59.720001220703104
303,3,1942,133.399993896484
304,4,1942,23.350000381469695
305,5,1942,98.77999877929692
306,6,1942,59.5
307,7,1942,3.61999988555908
308,8,1942,1.12000000476837
309,9,1942,0.509999990463257
310,10,1942,0.910000026226044
311,11,1942,3.72000002861023
312,12,1942,37.1300010681152
313,1,1943,30.3299999237061
314,2,1943,72.1999969482422
315,3,1943,52.3499984741211
316,4,1943,43.1399993896484
317,5,1943,1.42999994754791
318,6,1943,5.34000015258789
319,7,1943,6.369999885559079
320,8,1943,2.22000002861023
321,9,1943,0.509999990463257
322,10,1943,2.83999991416931
323,11,1943,16.120000839233402
324,12,1943,13.5699996948242
325,1,1944,4.84000015258789
326,2,1944,5.46000003814697
327,3,1944,5.699999809265139
328,4,1944,18.5599994659424
329,5,1944,0.5299999713897711
330,6,1944,1.22000002861023
331,7,1944,3.1800000667572004
332,8,1944,1.21000003814697
333,9,1944,5.0500001907348615
334,10,1944,2.27999997138977
335,11,1944,4.78999996185303
336,12,1944,10.869999885559098
337,1,1945,37.3400001525879
338,2,1945,9.71000003814697
339,3,1945,100.58000183105499
340,4,1945,2.50999999046326
341,5,1945,1.67999994754791
342,6,1945,33.7099990844727
343,7,1945,45.119998931884794
344,8,1945,1.01999998092651
345,9,1945,2.24000000953674
346,10,1945,5.03999996185303
347,11,1945,1.42999994754791
348,12,1945,24.239999771118196
349,1,1946,28.4599990844727
350,2,1946,139.960006713867
351,3,1946,43.1100006103516
352,4,1946,24.440000534057607
353,5,1946,25.809999465942397
354,6,1946,8.35000038146973
355,7,1946,40.25
356,8,1946,1.10000002384186
357,9,1946,0.5299999713897711
358,10,1946,0.8500000238418579
359,11,1946,0.8299999833106991
360,12,1946,4.84000015258789
361,1,1947,17.2199993133545
362,2,1947,131.679992675781
363,3,1947,74.5100021362305
364,4,1947,4.82999992370605
365,5,1947,12.210000038147
366,6,1947,7.400000095367429
367,7,1947,14.1899995803833
368,8,1947,14.979999542236301
369,9,1947,0.5899999737739561
370,10,1947,15.9499998092651
371,11,1947,2.79999995231628
372,12,1947,65.7399978637695
373,1,1948,16.2199993133545
374,2,1948,92.5400009155273
375,3,1948,65.7099990844727
376,4,1948,82.3199996948242
377,5,1948,8.22999954223633
378,6,1948,17.729999542236303
379,7,1948,22.2099990844727
380,8,1948,1.08000004291534
381,9,1948,0.5899999737739561
382,10,1948,1.67999994754791
383,11,1948,2.41000008583069
384,12,1948,27.649999618530305
385,1,1949,13.4200000762939
386,2,1949,67.1699981689453
387,3,1949,3.38000011444092
388,4,1949,9.25
389,5,1949,68.01999664306639
390,6,1949,12.970000267028801
391,7,1949,1.39999997615814
392,8,1949,3.39000010490417
393,9,1949,1.24000000953674
394,10,1949,1.00999999046326
395,11,1949,39.31999969482421
396,12,1949,46.2599983215332
397,1,1950,26.690000534057607
398,2,1950,16.4500007629395
399,3,1950,2.83999991416931
400,4,1950,2.92000007629395
401,5,1950,40.4500007629395
402,6,1950,22.9300003051758
403,7,1950,7.42999982833862
404,8,1950,1.04999995231628
405,9,1950,0.4099999964237209
406,10,1950,1.26999998092651
407,11,1950,6.80999994277954
408,12,1950,6.09000015258789
409,1,1951,19.6399993896484
410,2,1951,42.6199989318848
411,3,1951,9.44999980926514
412,4,1951,10.1199998855591
413,5,1951,0.550000011920929
414,6,1951,65.3600006103516
415,7,1951,7.17000007629395
416,8,1951,1.61000001430511
417,9,1951,0.6200000047683721
418,10,1951,0.879999995231628
419,11,1951,1.17999994754791
420,12,1951,9.38000011444092
421,1,1952,57.7000007629395
422,2,1952,27.149999618530305
423,3,1952,12.869999885559098
424,4,1952,2.49000000953674
425,5,1952,67.1699981689453
426,6,1952,0.9499999880790708
427,7,1952,31.6200008392334
428,8,1952,5.550000190734861
429,9,1952,0.519999980926514
430,10,1952,3.4000000953674303
431,11,1952,1.29999995231628
432,12,1952,8.560000419616701
433,1,1953,5.699999809265139
434,2,1953,5.30999994277954
435,3,1953,30.989999771118196
436,4,1953,18.409999847412106
437,5,1953,43.5999984741211
438,6,1953,17.9400005340576
439,7,1953,4.48999977111816
440,8,1953,13.1599998474121
441,9,1953,0.5799999833106989
442,10,1953,1.58000004291534
443,11,1953,1.71000003814697
444,12,1953,17.8999996185303
445,1,1954,74.6800003051758
446,2,1954,5.1100001335144
447,3,1954,3.82999992370605
448,4,1954,63.2999992370605
449,5,1954,51.7700004577637
450,6,1954,20.0799999237061
451,7,1954,6.94000005722046
452,8,1954,8.85999965667725
453,9,1954,1.37999999523163
454,10,1954,9.76000022888184
455,11,1954,2.61999988555908
456,12,1954,51.060001373290994
457,1,1955,79.38999938964841
458,2,1955,57.290000915527294
459,3,1955,14.520000457763699
460,4,1955,19.7399997711182
461,5,1955,51.91999816894529
462,6,1955,53.1500015258789
463,7,1955,14.529999732971199
464,8,1955,24.760000228881804
465,9,1955,5.09999990463257
466,10,1955,0.839999973773956
467,11,1955,8.38000011444092
468,12,1955,14.890000343322802
469,1,1956,16.0699996948242
470,2,1956,23.6800003051758
471,3,1956,43.7299995422363
472,4,1956,3.66000008583069
473,5,1956,6.0
474,6,1956,18.340000152587894
475,7,1956,10.5500001907349
476,8,1956,13.029999732971199
477,9,1956,2.63000011444092
478,10,1956,0.879999995231628
479,11,1956,2.5199999809265097
480,12,1956,18.2999992370605
481,1,1957,35.8300018310547
482,2,1957,86.22000122070308
483,3,1957,9.93000030517578
484,4,1957,2.2899999618530296
485,5,1957,2.13000011444092
486,6,1957,2.89000010490417
487,7,1957,3.0699999332428
488,8,1957,1.36000001430511
489,9,1957,0.430000007152557
490,10,1957,7.849999904632571
491,11,1957,9.21000003814697
492,12,1957,30.3199996948242
493,1,1958,65.629997253418
494,2,1958,9.89999961853027
495,3,1958,68.0
496,4,1958,2.83999991416931
497,5,1958,7.369999885559079
498,6,1958,38.9500007629395
499,7,1958,21.5699996948242
500,8,1958,5.21000003814697
501,9,1958,8.22999954223633
502,10,1958,0.879999995231628
503,11,1958,16.9400005340576
504,12,1958,10.7600002288818
505,1,1959,19.6000003814697
506,2,1959,14.1499996185303
507,3,1959,8.86999988555908
508,4,1959,30.9500007629395
509,5,1959,2.60999989509583
510,6,1959,9.170000076293947
511,7,1959,55.5
512,8,1959,0.8600000143051151
513,9,1959,0.430000007152557
514,10,1959,0.839999973773956
515,11,1959,2.2100000381469704
516,12,1959,20.4899997711182
517,1,1960,67.3899993896484
518,2,1960,217.589996337891
519,3,1960,20.7099990844727
520,4,1960,13.4300003051758
521,5,1960,5.98000001907349
522,6,1960,10.539999961853
523,7,1960,9.72999954223633
524,8,1960,2.07999992370605
525,9,1960,6.4899997711181605
526,10,1960,0.639999985694885
527,11,1960,0.75
528,12,1960,5.51000022888184
529,1,1961,107.16000366210899
530,2,1961,131.419998168945
531,3,1961,16.1100006103516
532,4,1961,20.8600006103516
533,5,1961,6.30999994277954
534,6,1961,3.74000000953674
535,7,1961,0.4699999988079071
536,8,1961,1.45000004768372
537,9,1961,0.3100000023841861
538,10,1961,0.479999989271164
539,11,1961,2.09999990463257
540,12,1961,10.6999998092651
541,1,1962,63.2599983215332
542,2,1962,59.279998779296896
543,3,1962,15.5500001907349
544,4,1962,3.79999995231628
545,5,1962,11.8100004196167
546,6,1962,1.00999999046326
547,7,1962,2.70000004768372
548,8,1962,0.720000028610229
549,9,1962,0.370000004768372
550,10,1962,6.98000001907349
551,11,1962,6.42999982833862
552,12,1962,18.8899993896484
553,1,1963,92.4499969482422
554,2,1963,147.97000122070298
555,3,1963,24.059999465942397
556,4,1963,18.3199996948242
557,5,1963,37.4000015258789
558,6,1963,10.210000038147
559,7,1963,1.9099999666214
560,8,1963,0.7599999904632572
561,9,1963,2.17000007629395
562,10,1963,5.55999994277954
563,11,1963,6.699999809265139
564,12,1963,18.9699993133545
565,1,1964,21.8600006103516
566,2,1964,35.540000915527294
567,3,1964,14.0900001525879
568,4,1964,24.149999618530305
569,5,1964,36.5099983215332
570,6,1964,23.4599990844727
571,7,1964,1.29999995231628
572,8,1964,1.25999999046326
573,9,1964,0.8299999833106991
574,10,1964,0.36000001430511497
575,11,1964,19.9599990844727
576,12,1964,4.88000011444092
577,1,1965,19.6200008392334
578,2,1965,19.2800006866455
579,3,1965,141.449996948242
580,4,1965,3.0699999332428
581,5,1965,7.32999992370605
582,6,1965,39.3400001525879
583,7,1965,23.239999771118196
584,8,1965,33.0400009155273
585,9,1965,0.270000010728836
586,10,1965,2.39000010490417
587,11,1965,22.1399993896484
588,12,1965,20.3199996948242
589,1,1966,22.739999771118196
590,2,1966,56.0699996948242
591,3,1966,14.5500001907349
592,4,1966,109.01999664306601
593,5,1966,0.560000002384186
594,6,1966,4.71999979019165
595,7,1966,0.709999978542328
596,8,1966,10.0
597,9,1966,2.52999997138977
598,10,1966,18.2399997711182
599,11,1966,17.1900005340576
600,12,1966,3.2899999618530296
601,1,1967,69.7600021362305
602,2,1967,24.4099998474121
603,3,1967,3.02999997138977
604,4,1967,2.82999992370605
605,5,1967,12.9099998474121
606,6,1967,1.26999998092651
607,7,1967,0.709999978542328
608,8,1967,4.05000019073486
609,9,1967,0.180000007152557
610,10,1967,2.54999995231628
611,11,1967,16.6800003051758
612,12,1967,30.2900009155273
613,1,1968,30.5
614,2,1968,40.1100006103516
615,3,1968,77.7300033569336
616,4,1968,17.370000839233402
617,5,1968,16.5699996948242
618,6,1968,89.6399993896484
619,7,1968,22.6399993896484
620,8,1968,10.3100004196167
621,9,1968,4.32999992370605
622,10,1968,5.80999994277954
623,11,1968,1.87000000476837
624,12,1968,7.380000114440921
625,1,1969,18.4699993133545
626,2,1969,51.869998931884794
627,3,1969,2.67000007629395
628,4,1969,2.99000000953674
629,5,1969,43.369998931884794
630,6,1969,13.479999542236301
631,7,1969,0.550000011920929
632,8,1969,0.4099999964237209
633,9,1969,0.129999995231628
634,10,1969,2.64000010490417
635,11,1969,1.54999995231628
636,12,1969,5.550000190734861
637,1,1970,11.8000001907349
638,2,1970,18.6000003814697
639,3,1970,10.6599998474121
640,4,1970,37.25
641,5,1970,80.8300018310547
642,6,1970,3.25
643,7,1970,1.41999995708466
644,8,1970,0.419999986886978
645,9,1970,21.3099994659424
646,10,1970,0.769999980926514
647,11,1970,3.24000000953674
648,12,1970,11.529999732971199
649,1,1971,49.6599998474121
650,2,1971,94.37000274658199
651,3,1971,35.009998321533196
652,4,1971,3.9300000667572
653,5,1971,42.1199989318848
654,6,1971,123.01999664306601
655,7,1971,11.210000038147
656,8,1971,3.30999994277954
657,9,1971,0.10999999940395402
658,10,1971,1.10000002384186
659,11,1971,15.7600002288818
660,12,1971,5.69000005722046
661,1,1972,11.9399995803833
662,2,1972,28.8299999237061
663,3,1972,5.73000001907349
664,4,1972,3.08999991416931
665,5,1972,4.2199997901916495
666,6,1972,8.97999954223633
667,7,1972,49.2000007629395
668,8,1972,2.75
669,9,1972,0.150000005960464
670,10,1972,0.560000002384186
671,11,1972,5.96999979019165
672,12,1972,17.9899997711182
673,1,1973,139.940002441406
674,2,1973,9.22000026702881
675,3,1973,83.5500030517578
676,4,1973,34.470001220703104
677,5,1973,34.419998168945305
678,6,1973,45.290000915527294
679,7,1973,38.1599998474121
680,8,1973,28.1399993896484
681,9,1973,0.170000001788139
682,10,1973,2.9600000381469704
683,11,1973,10.5500001907349
684,12,1973,62.6800003051758
685,1,1974,58.1800003051758
686,2,1974,70.9199981689453
687,3,1974,35.25
688,4,1974,18.3999996185303
689,5,1974,9.68000030517578
690,6,1974,3.94000005722046
691,7,1974,44.9500007629395
692,8,1974,21.3099994659424
693,9,1974,1.67999994754791
694,10,1974,9.22000026702881
695,11,1974,2.66000008583069
696,12,1974,28.7900009155273
697,1,1975,24.8299999237061
698,2,1975,49.2700004577637
699,3,1975,76.4800033569336
700,4,1975,11.4899997711182
701,5,1975,2.5
702,6,1975,5.92999982833862
703,7,1975,18.2800006866455
704,8,1975,0.9499999880790708
705,9,1975,0.400000005960464
706,10,1975,33.0400009155273
707,11,1975,26.3899993896484
708,12,1975,135.009994506836
709,1,1976,22.3299999237061
710,2,1976,17.9599990844727
711,3,1976,85.5999984741211
712,4,1976,16.4500007629395
713,5,1976,1.0700000524520898
714,6,1976,1.3400000333786
715,7,1976,0.639999985694885
716,8,1976,3.47000002861023
717,9,1976,1.76999998092651
718,10,1976,13.220000267028801
719,11,1976,0.730000019073486
720,12,1976,12.869999885559098
721,1,1977,18.270000457763697
722,2,1977,7.78000020980835
723,3,1977,24.5699996948242
724,4,1977,7.23000001907349
725,5,1977,4.28999996185303
726,6,1977,5.90999984741211
727,7,1977,0.870000004768372
728,8,1977,0.879999995231628
729,9,1977,0.00999999977648258
730,10,1977,1.0700000524520898
731,11,1977,8.14999961853027
732,12,1977,32.970001220703104
733,1,1978,30.7099990844727
734,2,1978,95.55999755859379
735,3,1978,50.3400001525879
736,4,1978,11.229999542236301
737,5,1978,4.71000003814697
738,6,1978,5.699999809265139
739,7,1978,16.020000457763697
740,8,1978,70.09999847412111
741,9,1978,0.0700000002980232
742,10,1978,5.880000114440921
743,11,1978,22.6700000762939
744,12,1978,6.15999984741211
745,1,1979,8.829999923706051
746,2,1979,62.1599998474121
747,3,1979,49.2999992370605
748,4,1979,37.27000045776371
749,5,1979,17.7800006866455
750,6,1979,1.38999998569489
751,7,1979,0.430000007152557
752,8,1979,30.649999618530305
753,9,1979,0.319999992847443
754,10,1979,0.8299999833106991
755,11,1979,3.1500000953674303
756,12,1979,39.4099998474121
757,1,1980,87.91000366210942
758,2,1980,112.889999389648
759,3,1980,20.0
760,4,1980,71.5800018310547
761,5,1980,27.8899993896484
762,6,1980,50.88000106811521
763,7,1980,52.38000106811521
764,8,1980,0.490000009536743
765,9,1980,0.699999988079071
766,10,1980,4.730000019073491
767,11,1980,3.33999991416931
768,12,1980,13.6999998092651
769,1,1981,39.459999084472706
770,2,1981,103.23999786377001
771,3,1981,33.189998626709
772,4,1981,3.61999988555908
773,5,1981,11.979999542236301
774,6,1981,9.77999973297119
775,7,1981,6.369999885559079
776,8,1981,0.709999978542328
777,9,1981,0.0199999995529652
778,10,1981,2.07999992370605
779,11,1981,1.13999998569489
780,12,1981,27.3700008392334
781,1,1982,77.75
782,2,1982,106.26999664306601
783,3,1982,5.55999994277954
784,4,1982,12.859999656677198
785,5,1982,32.5400009155273
786,6,1982,9.64000034332275
787,7,1982,0.479999989271164
788,8,1982,11.5600004196167
789,9,1982,21.6700000762939
790,10,1982,4.150000095367431
791,11,1982,27.7099990844727
792,12,1982,32.970001220703104
793,1,1983,11.5799999237061
794,2,1983,26.1599998474121
795,3,1983,41.6100006103516
796,4,1983,35.310001373291
797,5,1983,0.560000002384186
798,6,1983,7.65999984741211
799,7,1983,3.00999999046326
800,8,1983,6.48000001907349
801,9,1983,0.150000005960464
802,10,1983,0.270000010728836
803,11,1983,15.779999732971199
804,12,1983,45.720001220703104
805,1,1984,19.1299991607666
806,2,1984,40.2599983215332
807,3,1984,86.19000244140621
808,4,1984,20.7900009155273
809,5,1984,91.0500030517578
810,6,1984,1.37000000476837
811,7,1984,35.72999954223629
812,8,1984,5.21000003814697
813,9,1984,4.5500001907348615
814,10,1984,2.22000002861023
815,11,1984,1.20000004768372
816,12,1984,42.1500015258789
817,1,1985,65.4300003051758
818,2,1985,86.12000274658199
819,3,1985,15.770000457763699
820,4,1985,41.81999969482421
821,5,1985,9.46000003814697
822,6,1985,1.48000001907349
823,7,1985,10.2799997329712
824,8,1985,0.0799999982118607
825,9,1985,0.00999999977648258
826,10,1985,0.419999986886978
827,11,1985,13.3500003814697
828,12,1985,6.90999984741211
829,1,1986,61.7400016784668
830,2,1986,36.3899993896484
831,3,1986,7.69000005722046
832,4,1986,2.60999989509583
833,5,1986,0.7400000095367428
834,6,1986,53.529998779296896
835,7,1986,5.380000114440921
836,8,1986,0.0599999986588955
837,9,1986,33.259998321533196
838,10,1986,0.34000000357627896
839,11,1986,0.330000013113022
840,12,1986,3.75999999046326
841,1,1987,108.55999755859399
842,2,1987,62.0099983215332
843,3,1987,10.6999998092651
844,4,1987,28.4799995422363
845,5,1987,11.720000267028801
846,6,1987,29.809999465942397
847,7,1987,6.67000007629395
848,8,1987,0.8000000119209291
849,9,1987,0.00999999977648258
850,10,1987,0.28999999165535
851,11,1987,3.85999989509583
852,12,1987,24.25
853,1,1988,26.809999465942397
854,2,1988,45.0200004577637
855,3,1988,57.689998626709006
856,4,1988,30.239999771118196
857,5,1988,79.5500030517578
858,6,1988,3.13000011444092
859,7,1988,4.05999994277954
860,8,1988,2.5199999809265097
861,9,1988,0.00999999977648258
862,10,1988,0.30000001192092896
863,11,1988,9.11999988555908
864,12,1988,58.2000007629395
865,1,1989,39.02000045776371
866,2,1989,29.3899993896484
867,3,1989,19.6499996185303
868,4,1989,33.75
869,5,1989,16.9699993133545
870,6,1989,67.8000030517578
871,7,1989,3.17000007629395
872,8,1989,0.209999993443489
873,9,1989,0.0399999991059303
874,10,1989,0.959999978542328
875,11,1989,5.25
876,12,1989,6.28999996185303
877,1,1990,127.139999389648
878,2,1990,26.1700000762939
879,3,1990,36.9000015258789
880,4,1990,1.45000004768372
881,5,1990,0.430000007152557
882,6,1990,3.00999999046326
883,7,1990,4.92999982833862
884,8,1990,16.0300006866455
885,9,1990,0.7400000095367428
886,10,1990,0.980000019073486
887,11,1990,2.2300000190734903
888,12,1990,5.46000003814697
889,1,1991,21.0300006866455
890,2,1991,10.479999542236301
891,3,1991,9.93000030517578
892,4,1991,4.03999996185303
893,5,1991,20.8700008392334
894,6,1991,67.9499969482422
895,7,1991,26.260000228881804
896,8,1991,0.0900000035762787
897,9,1991,0.200000002980232
898,10,1991,1.12000000476837
899,11,1991,0.44999998807907104
900,12,1991,4.019999980926509
901,1,1992,42.2000007629395
902,2,1992,7.30999994277954
903,3,1992,63.5
904,4,1992,118.300003051758
905,5,1992,44.689998626709006
906,6,1992,36.6599998474121
907,7,1992,0.5
908,8,1992,11.8299999237061
909,9,1992,1.41999995708466
910,10,1992,3.1500000953674303
911,11,1992,2.03999996185303
912,12,1992,5.019999980926509
913,1,1993,25.1599998474121
914,2,1993,57.1599998474121
915,3,1993,6.07999992370605
916,4,1993,21.020000457763697
917,5,1993,18.8799991607666
918,6,1993,46.9799995422363
919,7,1993,1.62000000476837
920,8,1993,23.850000381469695
921,9,1993,0.0399999991059303
922,10,1993,0.779999971389771
923,11,1993,5.13000011444092
924,12,1993,8.439999580383299
925,1,1994,14.470000267028801
926,2,1994,104.470001220703
927,3,1994,1.01999998092651
928,4,1994,0.28999999165535
929,5,1994,1.7599999904632602
930,6,1994,6.82000017166138
931,7,1994,0.0900000035762787
932,8,1994,0.280000001192093
933,9,1994,0.0700000002980232
934,10,1994,1.30999994277954
935,11,1994,1.5
936,12,1994,51.6599998474121
937,1,1995,13.8100004196167
938,2,1995,190.399993896484
939,3,1995,50.439998626709006
940,4,1995,42.5999984741211
941,5,1995,14.979999542236301
942,6,1995,39.2999992370605
943,7,1995,18.8500003814697
944,8,1995,0.119999997317791
945,9,1995,0.219999998807907
946,10,1995,0.259999990463257
947,11,1995,4.42000007629395
948,12,1995,46.1100006103516
949,1,1996,3.50999999046326
950,2,1996,9.14000034332275
951,3,1996,22.5699996948242
952,4,1996,54.6599998474121
953,5,1996,0.439999997615814
954,6,1996,31.4599990844727
955,7,1996,25.760000228881804
956,8,1996,2.15000009536743
957,9,1996,0.10999999940395402
958,10,1996,25.3400001525879
959,11,1996,2.2100000381469704
960,12,1996,51.720001220703104
961,1,1997,143.860000610352
962,2,1997,221.610000610352
963,3,1997,7.01999998092651
964,4,1997,51.220001220703104
965,5,1997,40.680000305175795
966,6,1997,3.61999988555908
967,7,1997,17.520000457763697
968,8,1997,27.219999313354503
969,9,1997,11.4899997711182
970,10,1997,2.24000000953674
971,11,1997,1.64999997615814
972,12,1997,8.48999977111816
973,1,1998,8.52999973297119
974,2,1998,15.6700000762939
975,3,1998,18.8700008392334
976,4,1998,25.510000228881804
977,5,1998,19.3199996948242
978,6,1998,96.01000213623051
979,7,1998,59.66999816894529
980,8,1998,12.0
981,9,1998,0.129999995231628
982,10,1998,5.48000001907349
983,11,1998,13.5100002288818
984,12,1998,81.870002746582
985,1,1999,58.3600006103516
986,2,1999,189.199996948242
987,3,1999,111.449996948242
988,4,1999,36.180000305175795
989,5,1999,34.4300003051758
990,6,1999,3.54999995231628
991,7,1999,2.9000000953674303
992,8,1999,1.10000002384186
993,9,1999,0.349999994039536
994,10,1999,7.42999982833862
995,11,1999,4.030000209808351
996,12,1999,113.12999725341801
997,1,2000,137.360000610352
998,2,2000,142.229995727539
999,3,2000,188.539993286133
1000,4,2000,45.4300003051758
1001,5,2000,0.5799999833106989
1002,6,2000,0.30000001192092896
1003,7,2000,3.35999989509583
1004,8,2000,1.64999997615814
1005,9,2000,0.129999995231628
1006,10,2000,0.280000001192093
1007,11,2000,9.0600004196167
1008,12,2000,41.47999954223629
1009,1,2001,76.13999938964841
1010,2,2001,150.089996337891
1011,3,2001,3.45000004768372
1012,4,2001,23.5699996948242
1013,5,2001,17.4099998474121
1014,6,2001,3.82999992370605
1015,7,2001,10.5600004196167
1016,8,2001,0.219999998807907
1017,9,2001,2.30999994277954
1018,10,2001,5.849999904632571
1019,11,2001,1.44000005722046
1020,12,2001,6.119999885559079
1021,1,2002,23.2700004577637
1022,2,2002,116.12000274658199
1023,3,2002,39.060001373291
1024,4,2002,2.17000007629395
1025,5,2002,16.8899993896484
1026,6,2002,13.0500001907349
1027,7,2002,0.319999992847443
1028,8,2002,0.25
1029,9,2002,0.569999992847443
1030,10,2002,0.349999994039536
1031,11,2002,5.07999992370605
1032,12,2002,47.970001220703104
1033,1,2003,145.550003051758
1034,2,2003,29.9300003051758
1035,3,2003,23.7000007629395
1036,4,2003,44.5499992370605
1037,5,2003,1.08000004291534
1038,6,2003,30.8400001525879
1039,7,2003,0.419999986886978
1040,8,2003,11.8199996948242
1041,9,2003,0.150000005960464
1042,10,2003,0.419999986886978
1043,11,2003,8.72000026702881
1044,12,2003,6.71999979019165
1045,1,2004,24.5200004577637
1046,2,2004,152.910003662109
1047,3,2004,79.6699981689453
1048,4,2004,38.81999969482421
1049,5,2004,11.1599998474121
1050,6,2004,1.16999995708466
1051,7,2004,21.850000381469695
1052,8,2004,0.239999994635582
1053,9,2004,1.66999995708466
1054,10,2004,10.3800001144409
1055,11,2004,15.6499996185303
1056,12,2004,19.4500007629395
1057,1,2005,3.41000008583069
1058,2,2005,12.6899995803833
1059,3,2005,11.710000038147
1060,4,2005,4.280000209808351
1061,5,2005,11.2600002288818
1062,6,2005,3.99000000953674
1063,7,2005,84.11000061035159
1064,8,2005,9.75
1065,9,2005,0.14000000059604598
1066,10,2005,0.44999998807907104
1067,11,2005,1.33000004291534
1068,12,2005,36.209999084472706
1069,1,2006,152.860000610352
1070,2,2006,167.320007324219
1071,3,2006,76.4899978637695
1072,4,2006,60.75
1073,5,2006,3.55999994277954
1074,6,2006,3.52999997138977
1075,7,2006,4.34000015258789
1076,8,2006,0.25
1077,9,2006,18.590000152587894
1078,10,2006,38.930000305175795
1079,11,2006,8.14999961853027
1080,12,2006,19.770000457763697
1081,1,2007,19.9699993133545
1082,2,2007,15.9200000762939
1083,3,2007,53.95999908447271
1084,4,2007,58.0699996948242
1085,5,2007,2.9800000190734903
1086,6,2007,1.20000004768372
1087,7,2007,16.2999992370605
1088,8,2007,0.270000010728836
1089,9,2007,0.119999997317791
1090,10,2007,1.32000005245209
1091,11,2007,1.67999994754791
1092,12,2007,21.1100006103516
1093,1,2008,26.780000686645497
1094,2,2008,86.77999877929692
1095,3,2008,74.1999969482422
1096,4,2008,13.6999998092651
1097,5,2008,0.439999997615814
1098,6,2008,18.4200000762939
1099,7,2008,1.48000001907349
1100,8,2008,6.03999996185303
1101,9,2008,1.19000005722046
1102,10,2008,3.04999995231628
1103,11,2008,36.529998779296896
1104,12,2008,36.310001373291
1105,1,2009,34.560001373291
1106,2,2009,96.62999725341801
1107,3,2009,23.8799991607666
1108,4,2009,7.65999984741211
1109,5,2009,3.9300000667572
1110,6,2009,18.409999847412106
1111,7,2009,3.50999999046326
1112,8,2009,0.28999999165535
1113,9,2009,0.23000000417232505
1114,10,2009,0.6499999761581421
1115,11,2009,39.060001373291
1116,12,2009,9.73999977111816
1117,1,2010,13.520000457763699
1118,2,2010,11.9300003051758
1119,3,2010,17.3899993896484
1120,4,2010,8.89999961853027
1121,5,2010,7.92000007629395
1122,6,2010,5.17999982833862
1123,7,2010,5.230000019073491
1124,8,2010,20.5400009155273
1125,9,2010,15.789999961853
1126,10,2010,9.25
1127,11,2010,6.869999885559079
1128,12,2010,65.2099990844727
1129,1,2011,110.58000183105499
1130,2,2011,157.789993286133
1131,3,2011,25.0200004577637
1132,4,2011,29.1399993896484
1133,5,2011,6.650000095367429
1134,6,2011,8.97000026702881
1135,7,2011,17.6299991607666
1136,8,2011,1.94000005722046
1137,9,2011,0.0900000035762787
1138,10,2011,18.3799991607666
1139,11,2011,50.040000915527294
1140,12,2011,12.789999961853
1141,1,2012,220.410003662109
1142,2,2012,25.2999992370605
1143,3,2012,76.7399978637695
1144,4,2012,11.6999998092651
1145,5,2012,1.0
1146,6,2012,13.1800003051758
1147,7,2012,1.22000002861023
1148,8,2012,0.280000001192093
1149,9,2012,0.14000000059604598
1150,10,2012,13.979999542236301
1151,11,2012,7.59000015258789
1152,12,2012,96.51000213623051
1153,1,2013,60.279998779296896
1154,2,2013,32.970001220703104
1155,3,2013,15.2399997711182
1156,4,2013,13.640000343322802
1157,5,2013,14.1700000762939
1158,6,2013,64.1399993896484
1159,7,2013,1.37000000476837
1160,8,2013,0.280000001192093
1161,9,2013,0.6600000262260439
1162,10,2013,3.41000008583069
1163,11,2013,1.87999999523163
1164,12,2013,92.3000030517578
1165,1,2014,153.47000122070298
1166,2,2014,13.8199996948242
1167,3,2014,16.879999160766598
1168,4,2014,5.51999998092651
1169,5,2014,35.7599983215332
1170,6,2014,5.5
1171,7,2014,7.51999998092651
1172,8,2014,0.28999999165535
1173,9,2014,0.23000000417232505
1174,10,2014,12.9399995803833
1175,11,2014,42.1399993896484
1176,12,2014,12.6700000762939
1177,1,2015,59.1399993896484
1178,2,2015,73.6500015258789
1179,3,2015,134.179992675781
1180,4,2015,44.2299995422363
1181,5,2015,66.379997253418
1182,6,2015,1.9700000286102304
1183,7,2015,23.0200004577637
1184,8,2015,0.5
1185,9,2015,0.0799999982118607
1186,10,2015,6.46000003814697
1187,11,2015,12.779999732971199
1188,12,2015,8.72999954223633
1189,1,2016,114.48999786377001
1190,2,2016,16.229999542236303
1191,3,2016,5.860000133514402
1192,4,2016,4.230000019073491
1193,5,2016,35.3499984741211
1194,6,2016,77.2799987792969
1195,7,2016,46.939998626709006
1196,8,2016,3.30999994277954
1197,9,2016,0.14000000059604598
1198,10,2016,0.349999994039536
1199,11,2016,9.96000003814697
1200,12,2016,20.2800006866455
